<?xml version="1.0" encoding="UTF-8"?>
<project-private xmlns="http://www.netbeans.org/ns/project-private/1">
    <editor-bookmarks xmlns="http://www.netbeans.org/ns/editor-bookmarks/2" lastBookmarkId="0"/>
    <open-files xmlns="http://www.netbeans.org/ns/projectui-open-files/1">
        <file>file:/C:/J7WORK/Practicas%20corregidas/Practica%20Ahorcado%202/SardGonzalezAntonio/src/Ahorcado.java</file>
        <file>file:/C:/J7WORK/Practicas%20corregidas/Practica%20Ahorcado%202/SardGonzalezAntonio/src/JuegoAhorcado/AhorcadoDificil.java</file>
        <file>file:/C:/J7WORK/Practicas%20corregidas/Practica%20Ahorcado%202/SardGonzalezAntonio/src/JuegoAhorcado/AhorcadoFacil.java</file>
    </open-files>
</project-private>
